{
	"IcoMoonType": "selection",
	"icons": [
		{
			"icon": {
				"paths": [
					"M704 640c-64 64-64 128-128 128s-128-64-192-128-128-128-128-192 64-64 128-128-128-256-192-256-192 192-192 192c0 128 131.5 387.5 256 512s384 256 512 256c0 0 192-128 192-192s-192-256-256-192z"
				],
				"attrs": [],
				"isMulticolor": false,
				"tags": [
					"phone",
					"telephone",
					"contact",
					"support",
					"call"
				],
				"grid": 16
			},
			"attrs": [],
			"properties": {
				"order": 7,
				"prevSize": 16,
				"ligatures": "phone, telephone",
				"name": "phone",
				"id": 67,
				"code": 59648
			},
			"setIdx": 4,
			"setId": 0,
			"iconIdx": 66
		},
		{
			"icon": {
				"paths": [
					"M928 128h-832c-52.8 0-96 43.2-96 96v640c0 52.8 43.2 96 96 96h832c52.8 0 96-43.2 96-96v-640c0-52.8-43.2-96-96-96zM398.74 550.372l-270.74 210.892v-501.642l270.74 290.75zM176.38 256h671.24l-335.62 252-335.62-252zM409.288 561.698l102.712 110.302 102.71-110.302 210.554 270.302h-626.528l210.552-270.302zM625.26 550.372l270.74-290.75v501.642l-270.74-210.892z"
				],
				"attrs": [],
				"isMulticolor": false,
				"tags": [
					"envelop",
					"mail",
					"email",
					"contact",
					"letter"
				],
				"grid": 16
			},
			"attrs": [],
			"properties": {
				"order": 14,
				"prevSize": 16,
				"ligatures": "envelop, mail",
				"name": "envelop",
				"id": 70,
				"code": 59652
			},
			"setIdx": 4,
			"setId": 0,
			"iconIdx": 69
		},
		{
			"icon": {
				"paths": [
					"M576 706.612v-52.78c70.498-39.728 128-138.772 128-237.832 0-159.058 0-288-192-288s-192 128.942-192 288c0 99.060 57.502 198.104 128 237.832v52.78c-217.102 17.748-384 124.42-384 253.388h896c0-128.968-166.898-235.64-384-253.388z"
				],
				"attrs": [],
				"isMulticolor": false,
				"tags": [
					"user",
					"profile",
					"avatar",
					"person",
					"member"
				],
				"grid": 16
			},
			"attrs": [],
			"properties": {
				"order": 6,
				"prevSize": 16,
				"ligatures": "user, profile2",
				"name": "user",
				"id": 114,
				"code": 59649
			},
			"setIdx": 4,
			"setId": 0,
			"iconIdx": 113
		},
		{
			"icon": {
				"paths": [
					"M1024 397.050l-353.78-51.408-158.22-320.582-158.216 320.582-353.784 51.408 256 249.538-60.432 352.352 316.432-166.358 316.432 166.358-60.434-352.352 256.002-249.538zM512 753.498l-223.462 117.48 42.676-248.83-180.786-176.222 249.84-36.304 111.732-226.396 111.736 226.396 249.836 36.304-180.788 176.222 42.678 248.83-223.462-117.48z"
				],
				"attrs": [],
				"isMulticolor": false,
				"tags": [
					"star-empty",
					"rate",
					"star",
					"favorite",
					"bookmark"
				],
				"grid": 16
			},
			"attrs": [],
			"properties": {
				"order": 8,
				"prevSize": 16,
				"ligatures": "star-empty, rate",
				"name": "star-empty",
				"id": 216,
				"code": 59650
			},
			"setIdx": 4,
			"setId": 0,
			"iconIdx": 215
		},
		{
			"icon": {
				"paths": [
					"M1024 397.050l-353.78-51.408-158.22-320.582-158.216 320.582-353.784 51.408 256 249.538-60.432 352.352 316.432-166.358 316.432 166.358-60.434-352.352 256.002-249.538z"
				],
				"attrs": [],
				"isMulticolor": false,
				"tags": [
					"star-full",
					"rate",
					"star",
					"favorite",
					"bookmark"
				],
				"grid": 16
			},
			"attrs": [],
			"properties": {
				"order": 9,
				"prevSize": 16,
				"ligatures": "star-full, rate3",
				"name": "star-full",
				"id": 218,
				"code": 59651
			},
			"setIdx": 4,
			"setId": 0,
			"iconIdx": 217
		},
		{
			"icon": {
				"paths": [
					"M928 0h-832c-52.8 0-96 43.2-96 96v832c0 52.8 43.2 96 96 96h832c52.8 0 96-43.2 96-96v-832c0-52.8-43.2-96-96-96zM384 768c-141.6 0-256-114.4-256-256s114.4-256 256-256c69.2 0 127 25.2 171.6 67l-69.6 66.8c-19-18.2-52.2-39.4-102-39.4-87.4 0-158.8 72.4-158.8 161.6s71.4 161.6 158.8 161.6c101.4 0 139.4-72.8 145.2-110.4h-145.2v-87.8h241.8c2.2 12.8 4 25.6 4 42.4 0 146.4-98 250.2-245.8 250.2zM896 512h-64v64h-64v-64h-64v-64h64v-64h64v64h64v64z"
				],
				"attrs": [],
				"isMulticolor": false,
				"tags": [
					"google-plus",
					"brand",
					"social"
				],
				"grid": 16
			},
			"attrs": [],
			"properties": {
				"order": 12,
				"prevSize": 16,
				"ligatures": "google-plus2, brand6",
				"name": "google-plus2",
				"id": 397,
				"code": 59653
			},
			"setIdx": 4,
			"setId": 0,
			"iconIdx": 396
		},
		{
			"icon": {
				"paths": [
					"M512 0c-282.8 0-512 229.2-512 512s229.2 512 512 512 512-229.2 512-512-229.2-512-512-512zM384 768c-141.6 0-256-114.4-256-256s114.4-256 256-256c69.2 0 127 25.2 171.6 67l-69.6 66.8c-19-18.2-52.2-39.4-102-39.4-87.4 0-158.8 72.4-158.8 161.6s71.4 161.6 158.8 161.6c101.4 0 139.4-72.8 145.2-110.4h-145.2v-87.8h241.8c2.2 12.8 4 25.6 4 42.4 0 146.4-98 250.2-245.8 250.2zM832 512v64h-64v-64h-64v-64h64v-64h64v64h64v64h-64z"
				],
				"attrs": [],
				"isMulticolor": false,
				"tags": [
					"google-plus",
					"brand",
					"social"
				],
				"grid": 16
			},
			"attrs": [],
			"properties": {
				"order": 11,
				"prevSize": 16,
				"ligatures": "google-plus3, brand7",
				"name": "google-plus3",
				"id": 398,
				"code": 59654
			},
			"setIdx": 4,
			"setId": 0,
			"iconIdx": 397
		},
		{
			"icon": {
				"paths": [
					"M928 0h-832c-52.8 0-96 43.2-96 96v832c0 52.8 43.2 96 96 96h416v-448h-128v-128h128v-64c0-105.8 86.2-192 192-192h128v128h-128c-35.2 0-64 28.8-64 64v64h192l-32 128h-160v448h288c52.8 0 96-43.2 96-96v-832c0-52.8-43.2-96-96-96z"
				],
				"attrs": [],
				"isMulticolor": false,
				"tags": [
					"facebook",
					"brand",
					"social"
				],
				"grid": 16
			},
			"attrs": [],
			"properties": {
				"order": 10,
				"prevSize": 16,
				"ligatures": "facebook2, brand11",
				"name": "facebook2",
				"id": 402,
				"code": 59655
			},
			"setIdx": 4,
			"setId": 0,
			"iconIdx": 401
		}
	],
	"height": 1024,
	"metadata": {
		"name": "pioneerroofing"
	},
	"preferences": {
		"showGlyphs": true,
		"showQuickUse": true,
		"showQuickUse2": true,
		"showSVGs": true,
		"fontPref": {
			"prefix": "ico-",
			"metadata": {
				"fontFamily": "pioneerroofing",
				"majorVersion": 1,
				"minorVersion": 0
			},
			"metrics": {
				"emSize": 1024,
				"baseline": 6.25,
				"whitespace": 50
			},
			"embed": false,
			"cssVars": true,
			"cssVarsFormat": "sass"
		},
		"imagePref": {
			"prefix": "icon-",
			"png": true,
			"useClassSelector": true,
			"color": 0,
			"bgColor": 16777215,
			"classSelector": ".icon"
		},
		"historySize": 100,
		"showCodes": true,
		"gridSize": 16
	}
}